ID,relativePath,label,meta
0,/taxi100-IG-train/images/IMG_20191123_125050_2.jpg,"[{""category"": ""发票代码"", ""value"": ""111001781003"", ""shape"": ""polygon"", ""points"": [[416, 1023], [408, 643], [451, 641], [459, 1021]]}, {""category"": ""发票号码"", ""value"": ""46673626"", ""shape"": ""polygon"", ""points"": [[466, 1018], [454, 771], [494, 768], [506, 1014]]}, {""category"": ""乘车日期"", ""value"": ""18-11-07"", ""shape"": ""polygon"", ""points"": [[708, 833], [693, 603], [736, 600], [751, 829]]}, {""category"": ""上车时间"", ""value"": ""15:08"", ""shape"": ""polygon"", ""points"": [[763, 850], [756, 729], [793, 726], [800, 846]]}, {""category"": ""下车时间"", ""value"": ""15:33"", ""shape"": ""polygon"", ""points"": [[753, 711], [746, 598], [784, 594], [791, 708]]}, {""category"": ""总金额（实收金额）"", ""value"": ""31.00"", ""shape"": ""polygon"", ""points"": [[1166, 666], [1154, 553], [1194, 548], [1206, 661]]}]","{""label_template"": ""ocr""}"
1,/taxi100-IG-train/images/IMG_20191123_125813_2.jpg,"[{""category"": ""发票号码"", ""value"": ""48431282"", ""shape"": ""polygon"", ""points"": [[819, 548], [825, 350], [856, 350], [851, 548]]}, {""category"": ""上车时间"", ""value"": ""09:34"", ""shape"": ""polygon"", ""points"": [[1008, 478], [1013, 353], [1044, 353], [1039, 478]]}, {""category"": ""下车时间"", ""value"": ""10:04"", ""shape"": ""polygon"", ""points"": [[1004, 323], [1009, 206], [1044, 206], [1039, 323]]}, {""category"": ""总金额（实收金额）"", ""value"": ""52.20"", ""shape"": ""polygon"", ""points"": [[1325, 338], [1318, 219], [1346, 216], [1353, 334]]}, {""category"": ""发票代码"", ""value"": ""112001860121"", ""shape"": ""polygon"", ""points"": [[733, 541], [739, 154], [788, 154], [781, 541]]}]","{""label_template"": ""ocr""}"
2,/taxi100-IG-train/images/IMG_9022_2.jpg,"[{""category"": ""发票代码"", ""value"": ""141001930051"", ""shape"": ""polygon"", ""points"": [[354, 988], [354, 681], [404, 681], [404, 988]]}, {""category"": ""发票号码"", ""value"": ""58887100"", ""shape"": ""polygon"", ""points"": [[434, 979], [434, 678], [494, 678], [494, 979]]}, {""category"": ""乘车日期"", ""value"": ""19-04-22"", ""shape"": ""polygon"", ""points"": [[834, 961], [821, 673], [871, 669], [884, 958]]}, {""category"": ""上车时间"", ""value"": ""01:16"", ""shape"": ""polygon"", ""points"": [[879, 814], [873, 668], [919, 664], [926, 811]]}, {""category"": ""下车时间"", ""value"": ""02:37"", ""shape"": ""polygon"", ""points"": [[929, 809], [929, 669], [973, 669], [973, 809]]}, {""category"": ""总金额（实收金额）"", ""value"": ""148.00"", ""shape"": ""polygon"", ""points"": [[1214, 851], [1214, 683], [1256, 683], [1256, 851]]}]","{""label_template"": ""ocr""}"
3,/taxi100-IG-train/images/IMG_8981_2.jpg,"[{""category"": ""发票代码"", ""value"": ""131001861409"", ""shape"": ""polygon"", ""points"": [[334, 773], [334, 404], [373, 404], [373, 773]]}, {""category"": ""发票号码"", ""value"": ""02912044"", ""shape"": ""polygon"", ""points"": [[375, 648], [375, 403], [413, 403], [413, 648]]}, {""category"": ""乘车日期"", ""value"": ""19-06-25"", ""shape"": ""polygon"", ""points"": [[701, 586], [701, 391], [738, 391], [738, 586]]}, {""category"": ""上车时间"", ""value"": ""18:43"", ""shape"": ""polygon"", ""points"": [[746, 509], [746, 391], [791, 391], [791, 509]]}, {""category"": ""下车时间"", ""value"": ""19:18"", ""shape"": ""polygon"", ""points"": [[798, 508], [798, 389], [841, 389], [841, 508]]}, {""category"": ""总金额（实收金额）"", ""value"": ""118.00"", ""shape"": ""polygon"", ""points"": [[1011, 548], [1011, 414], [1043, 414], [1043, 548]]}]","{""label_template"": ""ocr""}"
4,/taxi100-IG-train/images/IMG_20191123_111854_2.jpg,"[{""category"": ""发票代码"", ""value"": ""111001781003"", ""shape"": ""polygon"", ""points"": [[346, 393], [722, 459], [713, 500], [337, 433]]}, {""category"": ""发票号码"", ""value"": ""18512233"", ""shape"": ""polygon"", ""points"": [[333, 442], [586, 481], [577, 524], [324, 484]]}, {""category"": ""乘车日期"", ""value"": ""18-11-05"", ""shape"": ""polygon"", ""points"": [[459, 744], [715, 781], [706, 826], [451, 788]]}, {""category"": ""上车时间"", ""value"": ""19:11"", ""shape"": ""polygon"", ""points"": [[439, 795], [553, 811], [546, 851], [433, 835]]}, {""category"": ""下车时间"", ""value"": ""19:34"", ""shape"": ""polygon"", ""points"": [[575, 813], [695, 837], [686, 875], [566, 851]]}, {""category"": ""总金额（实收金额）"", ""value"": ""###"", ""shape"": ""polygon"", ""points"": [[500, 1230], [633, 1264], [624, 1295], [490, 1262]]}]","{""label_template"": ""ocr""}"
5,/taxi100-IG-train/images/IMG_20191123_110236_2.jpg,"[{""category"": ""发票代码"", ""value"": ""111001781002"", ""shape"": ""polygon"", ""points"": [[489, 823], [489, 431], [526, 431], [526, 823]]}, {""category"": ""发票号码"", ""value"": ""82078562"", ""shape"": ""polygon"", ""points"": [[544, 821], [544, 563], [581, 563], [581, 821]]}, {""category"": ""乘车日期"", ""value"": ""18-10-02"", ""shape"": ""polygon"", ""points"": [[796, 631], [796, 386], [829, 386], [829, 631]]}, {""category"": ""上车时间"", ""value"": ""14:04"", ""shape"": ""polygon"", ""points"": [[859, 653], [859, 529], [891, 529], [891, 653]]}, {""category"": ""下车时间"", ""value"": ""14:24"", ""shape"": ""polygon"", ""points"": [[858, 506], [858, 384], [889, 384], [889, 506]]}, {""category"": ""总金额（实收金额）"", ""value"": ""27.00"", ""shape"": ""polygon"", ""points"": [[1284, 498], [1284, 373], [1326, 373], [1326, 498]]}]","{""label_template"": ""ocr""}"
6,/taxi100-IG-train/images/IMG_8920_2.jpg,"[{""category"": ""发票代码"", ""value"": ""131001865115"", ""shape"": ""polygon"", ""points"": [[436, 1050], [436, 511], [511, 511], [511, 1050]]}, {""category"": ""发票号码"", ""value"": ""00182561"", ""shape"": ""polygon"", ""points"": [[518, 871], [518, 534], [584, 534], [584, 871]]}, {""category"": ""乘车日期"", ""value"": ""19-03-06"", ""shape"": ""polygon"", ""points"": [[946, 776], [946, 526], [993, 526], [993, 776]]}, {""category"": ""上车时间"", ""value"": ""13:11"", ""shape"": ""polygon"", ""points"": [[1018, 678], [1018, 533], [1064, 533], [1064, 678]]}, {""category"": ""下车时间"", ""value"": ""13:35"", ""shape"": ""polygon"", ""points"": [[1089, 678], [1089, 521], [1138, 521], [1138, 678]]}, {""category"": ""总金额（实收金额）"", ""value"": ""37.00"", ""shape"": ""polygon"", ""points"": [[1387, 722], [1376, 552], [1423, 549], [1434, 718]]}]","{""label_template"": ""ocr""}"
7,/taxi100-IG-train/images/IMG_9043_2.jpg,"[{""category"": ""发票代码"", ""value"": ""144011970374"", ""shape"": ""polygon"", ""points"": [[298, 1073], [298, 725], [346, 725], [346, 1073]]}, {""category"": ""发票号码"", ""value"": ""00075457"", ""shape"": ""polygon"", ""points"": [[356, 1076], [356, 806], [394, 806], [394, 1076]]}, {""category"": ""乘车日期"", ""value"": ""19-04-03"", ""shape"": ""polygon"", ""points"": [[1003, 961], [1003, 683], [1053, 683], [1053, 961]]}, {""category"": ""上车时间"", ""value"": ""16:19"", ""shape"": ""polygon"", ""points"": [[1066, 818], [1066, 684], [1111, 684], [1111, 818]]}, {""category"": ""下车时间"", ""value"": ""16:26"", ""shape"": ""polygon"", ""points"": [[1129, 823], [1129, 684], [1168, 684], [1168, 823]]}, {""category"": ""总金额（实收金额）"", ""value"": ""15.00"", ""shape"": ""polygon"", ""points"": [[1383, 848], [1383, 706], [1429, 706], [1429, 848]]}]","{""label_template"": ""ocr""}"
8,/taxi100-IG-train/images/IMG_20191123_112300_2.jpg,"[{""category"": ""发票代码"", ""value"": ""111001781003"", ""shape"": ""polygon"", ""points"": [[1151, 425], [1111, 809], [1068, 804], [1108, 419]]}, {""category"": ""发票号码"", ""value"": ""87698359"", ""shape"": ""polygon"", ""points"": [[1103, 419], [1076, 675], [1033, 669], [1059, 414]]}, {""category"": ""乘车日期"", ""value"": ""18-12-15"", ""shape"": ""polygon"", ""points"": [[794, 563], [779, 796], [750, 793], [764, 559]]}, {""category"": ""上车时间"", ""value"": ""11:01"", ""shape"": ""polygon"", ""points"": [[739, 541], [736, 648], [709, 646], [713, 539]]}, {""category"": ""下车时间"", ""value"": ""11:22"", ""shape"": ""polygon"", ""points"": [[734, 673], [721, 794], [693, 791], [706, 669]]}, {""category"": ""总金额（实收金额）"", ""value"": ""22.00"", ""shape"": ""polygon"", ""points"": [[346, 639], [341, 743], [316, 741], [321, 638]]}]","{""label_template"": ""ocr""}"
9,/taxi100-IG-train/images/IMG_20191123_141000_2.jpg,"[{""category"": ""发票代码"", ""value"": ""131001860801"", ""shape"": ""polygon"", ""points"": [[79, 598], [114, 125], [171, 128], [136, 601]]}, {""category"": ""发票号码"", ""value"": ""00840906"", ""shape"": ""polygon"", ""points"": [[128, 441], [166, 121], [214, 126], [176, 446]]}, {""category"": ""乘车日期"", ""value"": ""18-10-15"", ""shape"": ""polygon"", ""points"": [[523, 356], [541, 98], [586, 100], [568, 358]]}, {""category"": ""上车时间"", ""value"": ""03:05"", ""shape"": ""polygon"", ""points"": [[606, 259], [613, 88], [656, 89], [650, 261]]}, {""category"": ""下车时间"", ""value"": ""09:32"", ""shape"": ""polygon"", ""points"": [[679, 254], [683, 86], [731, 86], [728, 254]]}, {""category"": ""总金额（实收金额）"", ""value"": ""48.00"", ""shape"": ""polygon"", ""points"": [[994, 281], [993, 98], [1041, 96], [1043, 279]]}]","{""label_template"": ""ocr""}"
10,/taxi100-IG-train/images/IMG_20191123_111028_2.jpg,"[{""category"": ""发票代码"", ""value"": ""111001781003"", ""shape"": ""polygon"", ""points"": [[246, 437], [659, 437], [659, 486], [246, 486]]}, {""category"": ""发票号码"", ""value"": ""57856750"", ""shape"": ""polygon"", ""points"": [[246, 493], [533, 493], [533, 539], [246, 539]]}, {""category"": ""乘车日期"", ""value"": ""18-12-21"", ""shape"": ""polygon"", ""points"": [[435, 793], [688, 793], [688, 828], [435, 828]]}, {""category"": ""上车时间"", ""value"": ""15:49"", ""shape"": ""polygon"", ""points"": [[417, 857], [544, 857], [544, 895], [417, 895]]}, {""category"": ""下车时间"", ""value"": ""16:25"", ""shape"": ""polygon"", ""points"": [[570, 853], [708, 853], [708, 886], [570, 886]]}, {""category"": ""总金额（实收金额）"", ""value"": ""41.00"", ""shape"": ""polygon"", ""points"": [[579, 1311], [719, 1311], [719, 1353], [579, 1353]]}]","{""label_template"": ""ocr""}"
11,/taxi100-IG-train/images/IMG_20191123_141433_2.jpg,"[{""category"": ""发票代码"", ""value"": ""131001760206"", ""shape"": ""polygon"", ""points"": [[1239, 241], [1251, 626], [1214, 626], [1203, 241]]}, {""category"": ""发票号码"", ""value"": ""02285631"", ""shape"": ""polygon"", ""points"": [[1201, 358], [1209, 611], [1173, 611], [1164, 358]]}, {""category"": ""乘车日期"", ""value"": ""18-09-25"", ""shape"": ""polygon"", ""points"": [[884, 361], [893, 631], [858, 631], [850, 361]]}, {""category"": ""上车时间"", ""value"": ""19:17"", ""shape"": ""polygon"", ""points"": [[838, 498], [836, 631], [803, 629], [804, 496]]}, {""category"": ""下车时间"", ""value"": ""19:28"", ""shape"": ""polygon"", ""points"": [[786, 496], [788, 629], [753, 629], [751, 496]]}, {""category"": ""总金额（实收金额）"", ""value"": ""25.00"", ""shape"": ""polygon"", ""points"": [[548, 443], [550, 593], [516, 593], [514, 443]]}]","{""label_template"": ""ocr""}"
12,/taxi100-IG-train/images/IMG_20191123_145330_2.jpg,"[{""category"": ""发票号码"", ""value"": ""00422775"", ""shape"": ""polygon"", ""points"": [[573, 734], [593, 525], [629, 528], [609, 738]]}, {""category"": ""乘车日期"", ""value"": ""19-07-18"", ""shape"": ""polygon"", ""points"": [[966, 739], [989, 561], [1018, 564], [994, 743]]}, {""category"": ""上车时间"", ""value"": ""07:55"", ""shape"": ""polygon"", ""points"": [[1018, 644], [1028, 564], [1061, 568], [1051, 648]]}, {""category"": ""下车时间"", ""value"": ""18:29"", ""shape"": ""polygon"", ""points"": [[1064, 651], [1071, 569], [1103, 571], [1096, 653]]}, {""category"": ""总金额（实收金额）"", ""value"": ""64.50"", ""shape"": ""polygon"", ""points"": [[1238, 691], [1244, 614], [1281, 616], [1275, 693]]}, {""category"": ""发票代码"", ""value"": ""144031970119"", ""shape"": ""polygon"", ""points"": [[526, 739], [558, 513], [589, 516], [558, 743]]}]","{""label_template"": ""ocr""}"
13,/taxi100-IG-train/images/IMG_20191123_132545_2.jpg,"[{""category"": ""发票代码"", ""value"": ""132151781213"", ""shape"": ""polygon"", ""points"": [[281, 413], [646, 413], [646, 451], [281, 451]]}, {""category"": ""发票号码"", ""value"": ""04502056"", ""shape"": ""polygon"", ""points"": [[273, 502], [490, 502], [490, 544], [273, 544]]}, {""category"": ""乘车日期"", ""value"": ""18-07-09"", ""shape"": ""polygon"", ""points"": [[402, 679], [670, 679], [670, 715], [402, 715]]}, {""category"": ""上车时间"", ""value"": ""09:15"", ""shape"": ""polygon"", ""points"": [[551, 733], [681, 733], [681, 766], [551, 766]]}, {""category"": ""下车时间"", ""value"": ""09:49"", ""shape"": ""polygon"", ""points"": [[551, 784], [675, 784], [675, 822], [551, 822]]}, {""category"": ""总金额（实收金额）"", ""value"": ""38.00"", ""shape"": ""polygon"", ""points"": [[533, 1000], [664, 1000], [664, 1037], [533, 1037]]}]","{""label_template"": ""ocr""}"
14,/taxi100-IG-train/images/IMG_20191123_144351_2.jpg,"[{""category"": ""发票代码"", ""value"": ""144031870119"", ""shape"": ""polygon"", ""points"": [[497, 308], [764, 308], [764, 348], [497, 348]]}, {""category"": ""发票号码"", ""value"": ""70883101"", ""shape"": ""polygon"", ""points"": [[506, 359], [748, 359], [748, 404], [506, 404]]}, {""category"": ""乘车日期"", ""value"": ""19-06-25"", ""shape"": ""polygon"", ""points"": [[530, 737], [784, 737], [784, 779], [530, 779]]}, {""category"": ""上车时间"", ""value"": ""23:49"", ""shape"": ""polygon"", ""points"": [[655, 784], [790, 784], [790, 830], [655, 830]]}, {""category"": ""下车时间"", ""value"": ""01:29"", ""shape"": ""polygon"", ""points"": [[655, 837], [781, 837], [781, 881], [655, 881]]}, {""category"": ""总金额（实收金额）"", ""value"": ""228.50"", ""shape"": ""polygon"", ""points"": [[606, 1022], [766, 1022], [766, 1057], [606, 1057]]}]","{""label_template"": ""ocr""}"
15,/taxi100-IG-train/images/IMG_20191123_144740_2.jpg,"[{""category"": ""乘车日期"", ""value"": ""19-08-17"", ""shape"": ""polygon"", ""points"": [[863, 725], [863, 519], [894, 519], [894, 725]]}, {""category"": ""上车时间"", ""value"": ""21:37"", ""shape"": ""polygon"", ""points"": [[904, 609], [904, 516], [946, 516], [946, 609]]}, {""category"": ""下车时间"", ""value"": ""23:11"", ""shape"": ""polygon"", ""points"": [[948, 604], [948, 516], [988, 516], [988, 604]]}, {""category"": ""发票号码"", ""value"": ""74514101"", ""shape"": ""polygon"", ""points"": [[459, 798], [479, 561], [514, 563], [494, 800]]}, {""category"": ""发票代码"", ""value"": ""144031870119"", ""shape"": ""polygon"", ""points"": [[421, 801], [433, 544], [461, 544], [450, 801]]}, {""category"": ""总金额（实收金额）"", ""value"": ""234.00"", ""shape"": ""polygon"", ""points"": [[1159, 633], [1150, 525], [1183, 521], [1193, 629]]}]","{""label_template"": ""ocr""}"
16,/taxi100-IG-train/images/IMG_20191123_143250_2.jpg,"[{""category"": ""发票代码"", ""value"": ""131001861704"", ""shape"": ""polygon"", ""points"": [[478, 846], [478, 436], [521, 436], [521, 846]]}, {""category"": ""发票号码"", ""value"": ""12651920"", ""shape"": ""polygon"", ""points"": [[523, 718], [523, 451], [571, 451], [571, 718]]}, {""category"": ""乘车日期"", ""value"": ""18-11-14"", ""shape"": ""polygon"", ""points"": [[848, 676], [848, 453], [889, 453], [889, 676]]}, {""category"": ""上车时间"", ""value"": ""13:46"", ""shape"": ""polygon"", ""points"": [[909, 594], [909, 450], [961, 450], [961, 594]]}, {""category"": ""下车时间"", ""value"": ""14:16"", ""shape"": ""polygon"", ""points"": [[981, 594], [981, 448], [1021, 448], [1021, 594]]}, {""category"": ""总金额（实收金额）"", ""value"": ""110.00"", ""shape"": ""polygon"", ""points"": [[1241, 653], [1241, 473], [1294, 473], [1294, 653]]}]","{""label_template"": ""ocr""}"
17,/taxi100-IG-train/images/IMG_20191123_125117_2.jpg,"[{""category"": ""发票代码"", ""value"": ""111001781002"", ""shape"": ""polygon"", ""points"": [[425, 906], [431, 528], [471, 528], [464, 906]]}, {""category"": ""发票号码"", ""value"": ""35158206"", ""shape"": ""polygon"", ""points"": [[476, 904], [481, 651], [519, 651], [514, 904]]}, {""category"": ""乘车日期"", ""value"": ""18-11-09"", ""shape"": ""polygon"", ""points"": [[759, 713], [758, 481], [791, 479], [793, 711]]}, {""category"": ""下车时间"", ""value"": ""13:30"", ""shape"": ""polygon"", ""points"": [[816, 584], [811, 476], [846, 475], [851, 583]]}, {""category"": ""总金额（实收金额）"", ""value"": ""62.00"", ""shape"": ""polygon"", ""points"": [[1258, 568], [1246, 450], [1278, 446], [1289, 564]]}, {""category"": ""上车时间"", ""value"": ""13:11"", ""shape"": ""polygon"", ""points"": [[823, 741], [815, 613], [859, 609], [866, 738]]}]","{""label_template"": ""ocr""}"
18,/taxi100-IG-train/images/IMG_8963_2.jpg,"[{""category"": ""发票代码"", ""value"": ""131001865115"", ""shape"": ""polygon"", ""points"": [[429, 1021], [429, 579], [491, 579], [491, 1021]]}, {""category"": ""发票号码"", ""value"": ""01055479"", ""shape"": ""polygon"", ""points"": [[491, 876], [491, 591], [548, 591], [548, 876]]}, {""category"": ""乘车日期"", ""value"": ""19-06-03"", ""shape"": ""polygon"", ""points"": [[853, 804], [853, 588], [889, 588], [889, 804]]}, {""category"": ""上车时间"", ""value"": ""20:50"", ""shape"": ""polygon"", ""points"": [[904, 728], [904, 586], [948, 586], [948, 728]]}, {""category"": ""下车时间"", ""value"": ""21:28"", ""shape"": ""polygon"", ""points"": [[978, 719], [978, 589], [1013, 589], [1013, 719]]}, {""category"": ""总金额（实收金额）"", ""value"": ""114.00"", ""shape"": ""polygon"", ""points"": [[1225, 773], [1225, 611], [1268, 611], [1268, 773]]}]","{""label_template"": ""ocr""}"
19,/taxi100-IG-train/images/IMG_8881_2.jpg,"[{""category"": ""乘车日期"", ""value"": ""19-06-26"", ""shape"": ""polygon"", ""points"": [[921, 923], [921, 626], [975, 626], [975, 923]]}, {""category"": ""上车时间"", ""value"": ""09:15"", ""shape"": ""polygon"", ""points"": [[984, 779], [984, 631], [1033, 631], [1033, 779]]}, {""category"": ""下车时间"", ""value"": ""09:52"", ""shape"": ""polygon"", ""points"": [[1048, 779], [1048, 634], [1098, 634], [1098, 779]]}, {""category"": ""总金额（实收金额）"", ""value"": ""152.00"", ""shape"": ""polygon"", ""points"": [[1328, 875], [1328, 701], [1371, 701], [1371, 875]]}, {""category"": ""发票代码"", ""value"": ""131001861915"", ""shape"": ""polygon"", ""points"": [[428, 1094], [457, 586], [519, 588], [490, 1097]]}, {""category"": ""发票号码"", ""value"": ""01804615"", ""shape"": ""polygon"", ""points"": [[509, 917], [525, 598], [581, 601], [565, 919]]}]","{""label_template"": ""ocr""}"
20,/taxi100-IG-train/images/IMG_20191123_112005_2.jpg,"[{""category"": ""发票代码"", ""value"": ""111001781002"", ""shape"": ""polygon"", ""points"": [[1139, 386], [1076, 746], [1041, 739], [1104, 379]]}, {""category"": ""发票号码"", ""value"": ""93351865"", ""shape"": ""polygon"", ""points"": [[1091, 383], [1053, 628], [1014, 621], [1053, 376]]}, {""category"": ""乘车日期"", ""value"": ""18-12-12"", ""shape"": ""polygon"", ""points"": [[776, 533], [758, 754], [728, 751], [746, 529]]}, {""category"": ""上车时间"", ""value"": ""05:33"", ""shape"": ""polygon"", ""points"": [[719, 513], [716, 625], [684, 623], [688, 511]]}, {""category"": ""下车时间"", ""value"": ""06:16"", ""shape"": ""polygon"", ""points"": [[714, 646], [709, 750], [675, 746], [679, 643]]}, {""category"": ""总金额（实收金额）"", ""value"": ""123.00"", ""shape"": ""polygon"", ""points"": [[291, 600], [296, 728], [269, 728], [264, 600]]}]","{""label_template"": ""ocr""}"
21,/taxi100-IG-train/images/IMG_8919_2.jpg,"[{""category"": ""发票代码"", ""value"": ""131001860612"", ""shape"": ""polygon"", ""points"": [[519, 1081], [519, 543], [593, 543], [593, 1081]]}, {""category"": ""发票号码"", ""value"": ""01394351"", ""shape"": ""polygon"", ""points"": [[588, 921], [588, 581], [650, 581], [650, 921]]}, {""category"": ""乘车日期"", ""value"": ""19-3-6"", ""shape"": ""polygon"", ""points"": [[936, 725], [936, 479], [1001, 479], [1001, 725]]}, {""category"": ""上车时间"", ""value"": ""18:59"", ""shape"": ""polygon"", ""points"": [[1021, 821], [1021, 668], [1066, 668], [1066, 821]]}, {""category"": ""下车时间"", ""value"": ""19:13"", ""shape"": ""polygon"", ""points"": [[1019, 633], [1019, 489], [1061, 489], [1061, 633]]}, {""category"": ""总金额（实收金额）"", ""value"": ""22.00"", ""shape"": ""polygon"", ""points"": [[1368, 641], [1368, 491], [1413, 491], [1413, 641]]}]","{""label_template"": ""ocr""}"
22,/taxi100-IG-train/images/IMG_9026_2.jpg,"[{""category"": ""发票代码"", ""value"": ""135011970355"", ""shape"": ""polygon"", ""points"": [[639, 1025], [639, 609], [688, 609], [688, 1025]]}, {""category"": ""发票号码"", ""value"": ""00257309"", ""shape"": ""polygon"", ""points"": [[711, 1018], [711, 748], [759, 748], [759, 1018]]}, {""category"": ""乘车日期"", ""value"": ""###"", ""shape"": ""polygon"", ""points"": [[1093, 921], [1086, 654], [1106, 653], [1113, 919]]}, {""category"": ""上车时间"", ""value"": ""09:30"", ""shape"": ""polygon"", ""points"": [[1109, 788], [1103, 656], [1121, 654], [1128, 786]]}, {""category"": ""下车时间"", ""value"": ""09:39"", ""shape"": ""polygon"", ""points"": [[1143, 791], [1138, 653], [1171, 651], [1176, 789]]}, {""category"": ""总金额（实收金额）"", ""value"": ""12.40"", ""shape"": ""polygon"", ""points"": [[1366, 809], [1356, 681], [1400, 676], [1409, 804]]}]","{""label_template"": ""ocr""}"
23,/taxi100-IG-train/images/IMG_20191123_150226_2.jpg,"[{""category"": ""发票代码"", ""value"": ""144031870119"", ""shape"": ""polygon"", ""points"": [[291, 789], [291, 506], [326, 506], [326, 789]]}, {""category"": ""发票号码"", ""value"": ""93032210"", ""shape"": ""polygon"", ""points"": [[346, 783], [346, 518], [389, 518], [389, 783]]}, {""category"": ""乘车日期"", ""value"": ""19-07-01"", ""shape"": ""polygon"", ""points"": [[779, 783], [779, 478], [818, 478], [818, 783]]}, {""category"": ""上车时间"", ""value"": ""12:13"", ""shape"": ""polygon"", ""points"": [[829, 613], [829, 478], [871, 478], [871, 613]]}, {""category"": ""下车时间"", ""value"": ""12:16"", ""shape"": ""polygon"", ""points"": [[888, 611], [888, 476], [929, 476], [929, 611]]}, {""category"": ""总金额（实收金额）"", ""value"": ""10.00"", ""shape"": ""polygon"", ""points"": [[1116, 606], [1116, 496], [1153, 496], [1153, 606]]}]","{""label_template"": ""ocr""}"
24,/taxi100-IG-train/images/IMG_20191123_111402_2.jpg,"[{""category"": ""发票代码"", ""value"": ""111001781002"", ""shape"": ""polygon"", ""points"": [[302, 453], [675, 464], [673, 500], [300, 488]]}, {""category"": ""发票号码"", ""value"": ""47430972"", ""shape"": ""polygon"", ""points"": [[304, 490], [559, 504], [555, 546], [300, 533]]}, {""category"": ""乘车日期"", ""value"": ""18-11-20"", ""shape"": ""polygon"", ""points"": [[453, 724], [693, 744], [688, 784], [448, 764]]}, {""category"": ""上车时间"", ""value"": ""11:36"", ""shape"": ""polygon"", ""points"": [[428, 777], [546, 779], [544, 822], [426, 819]]}, {""category"": ""下车时间"", ""value"": ""11:48"", ""shape"": ""polygon"", ""points"": [[568, 786], [686, 793], [684, 826], [566, 819]]}, {""category"": ""总金额（实收金额）"", ""value"": ""21.00"", ""shape"": ""polygon"", ""points"": [[542, 1215], [677, 1219], [675, 1264], [539, 1259]]}]","{""label_template"": ""ocr""}"
25,/taxi100-IG-train/images/IMG_20191123_144915_2.jpg,"[{""category"": ""发票代码"", ""value"": ""144031970119"", ""shape"": ""polygon"", ""points"": [[311, 768], [308, 496], [338, 494], [341, 766]]}, {""category"": ""发票号码"", ""value"": ""09380069"", ""shape"": ""polygon"", ""points"": [[368, 769], [361, 513], [398, 511], [404, 768]]}, {""category"": ""乘车日期"", ""value"": ""19-08-24"", ""shape"": ""polygon"", ""points"": [[763, 748], [750, 475], [786, 471], [800, 744]]}, {""category"": ""上车时间"", ""value"": ""10:26"", ""shape"": ""polygon"", ""points"": [[798, 593], [793, 468], [833, 466], [838, 591]]}, {""category"": ""下车时间"", ""value"": ""12:20"", ""shape"": ""polygon"", ""points"": [[846, 588], [843, 463], [881, 461], [884, 586]]}, {""category"": ""总金额（实收金额）"", ""value"": ""237.50"", ""shape"": ""polygon"", ""points"": [[1033, 628], [1026, 479], [1063, 478], [1069, 626]]}]","{""label_template"": ""ocr""}"
26,/taxi100-IG-train/images/IMG_9040_2.jpg,"[{""category"": ""发票代码"", ""value"": ""141001930051"", ""shape"": ""polygon"", ""points"": [[419, 1000], [419, 700], [468, 700], [468, 1000]]}, {""category"": ""发票号码"", ""value"": ""57474708"", ""shape"": ""polygon"", ""points"": [[508, 991], [508, 708], [563, 708], [563, 991]]}, {""category"": ""乘车日期"", ""value"": ""19-04-10"", ""shape"": ""polygon"", ""points"": [[876, 1016], [876, 718], [923, 718], [923, 1016]]}, {""category"": ""上车时间"", ""value"": ""14:56"", ""shape"": ""polygon"", ""points"": [[928, 851], [928, 718], [971, 718], [971, 851]]}, {""category"": ""下车时间"", ""value"": ""15:23"", ""shape"": ""polygon"", ""points"": [[984, 853], [984, 713], [1026, 713], [1026, 853]]}, {""category"": ""总金额（实收金额）"", ""value"": ""25.00"", ""shape"": ""polygon"", ""points"": [[1253, 889], [1253, 751], [1298, 751], [1298, 889]]}]","{""label_template"": ""ocr""}"
27,/taxi100-IG-train/images/IMG_20191123_152809_2.jpg,"[{""category"": ""发票代码"", ""value"": ""131001962104"", ""shape"": ""polygon"", ""points"": [[393, 1023], [375, 594], [419, 591], [438, 1019]]}, {""category"": ""发票号码"", ""value"": ""03695007"", ""shape"": ""polygon"", ""points"": [[439, 889], [423, 608], [469, 604], [486, 886]]}, {""category"": ""乘车日期"", ""value"": ""19-08-15"", ""shape"": ""polygon"", ""points"": [[773, 801], [769, 581], [804, 579], [808, 800]]}, {""category"": ""上车时间"", ""value"": ""09:51"", ""shape"": ""polygon"", ""points"": [[834, 719], [834, 578], [866, 578], [866, 719]]}, {""category"": ""下车时间"", ""value"": ""10:28"", ""shape"": ""polygon"", ""points"": [[893, 711], [893, 568], [934, 568], [934, 711]]}, {""category"": ""总金额（实收金额）"", ""value"": ""126.00"", ""shape"": ""polygon"", ""points"": [[1159, 753], [1159, 586], [1201, 586], [1201, 753]]}]","{""label_template"": ""ocr""}"
28,/taxi100-IG-train/images/IMG_20191123_130147_2.jpg,"[{""category"": ""发票代码"", ""value"": ""111001781003"", ""shape"": ""polygon"", ""points"": [[1088, 351], [1064, 696], [1028, 693], [1051, 348]]}, {""category"": ""发票号码"", ""value"": ""66171998"", ""shape"": ""polygon"", ""points"": [[1039, 341], [1019, 576], [988, 573], [1008, 338]]}, {""category"": ""乘车日期"", ""value"": ""18-12-20"", ""shape"": ""polygon"", ""points"": [[773, 498], [761, 716], [733, 714], [744, 496]]}, {""category"": ""上车时间"", ""value"": ""17:49"", ""shape"": ""polygon"", ""points"": [[725, 476], [716, 586], [688, 583], [696, 473]]}, {""category"": ""下车时间"", ""value"": ""18:47"", ""shape"": ""polygon"", ""points"": [[716, 609], [714, 721], [681, 719], [683, 608]]}, {""category"": ""总金额（实收金额）"", ""value"": ""122.00"", ""shape"": ""polygon"", ""points"": [[341, 563], [338, 694], [311, 693], [314, 561]]}]","{""label_template"": ""ocr""}"
29,/taxi100-IG-train/images/IMG_20191123_130203_2.jpg,"[{""category"": ""发票代码"", ""value"": ""131001760101"", ""shape"": ""polygon"", ""points"": [[344, 695], [708, 700], [706, 742], [342, 737]]}, {""category"": ""发票号码"", ""value"": ""05663988"", ""shape"": ""polygon"", ""points"": [[466, 742], [708, 739], [708, 777], [466, 779]]}, {""category"": ""乘车日期"", ""value"": ""18-12-23"", ""shape"": ""polygon"", ""points"": [[535, 984], [773, 986], [770, 1024], [533, 1022]]}, {""category"": ""上车时间"", ""value"": ""0:40"", ""shape"": ""polygon"", ""points"": [[559, 1035], [659, 1035], [659, 1075], [559, 1075]]}, {""category"": ""下车时间"", ""value"": ""1:11"", ""shape"": ""polygon"", ""points"": [[675, 1039], [762, 1039], [762, 1079], [675, 1079]]}, {""category"": ""总金额（实收金额）"", ""value"": ""119.00"", ""shape"": ""polygon"", ""points"": [[626, 1279], [775, 1290], [770, 1324], [622, 1313]]}]","{""label_template"": ""ocr""}"
30,/taxi100-IG-train/images/IMG_8907_2.jpg,"[{""category"": ""发票代码"", ""value"": ""31001866504"", ""shape"": ""polygon"", ""points"": [[206, 576], [293, 76], [341, 84], [254, 584]]}, {""category"": ""发票号码"", ""value"": ""00497708"", ""shape"": ""polygon"", ""points"": [[301, 419], [350, 93], [394, 100], [346, 426]]}, {""category"": ""乘车日期"", ""value"": ""19-05-13"", ""shape"": ""polygon"", ""points"": [[713, 339], [744, 61], [793, 66], [761, 344]]}, {""category"": ""上车时间"", ""value"": ""21:03"", ""shape"": ""polygon"", ""points"": [[809, 231], [821, 53], [869, 54], [858, 233]]}, {""category"": ""下车时间"", ""value"": ""21:30"", ""shape"": ""polygon"", ""points"": [[893, 229], [908, 46], [954, 50], [939, 233]]}, {""category"": ""总金额（实收金额）"", ""value"": ""65.00"", ""shape"": ""polygon"", ""points"": [[1246, 251], [1256, 54], [1311, 56], [1301, 253]]}]","{""label_template"": ""ocr""}"
31,/taxi100-IG-train/images/IMG_20191123_140946_2.jpg,"[{""category"": ""发票代码"", ""value"": ""131001860801"", ""shape"": ""polygon"", ""points"": [[181, 548], [216, 64], [263, 68], [228, 551]]}, {""category"": ""发票号码"", ""value"": ""00926038"", ""shape"": ""polygon"", ""points"": [[238, 376], [266, 50], [308, 53], [279, 379]]}, {""category"": ""乘车日期"", ""value"": ""18-10-12"", ""shape"": ""polygon"", ""points"": [[704, 319], [713, 53], [759, 53], [751, 319]]}, {""category"": ""上车时间"", ""value"": ""20:58"", ""shape"": ""polygon"", ""points"": [[783, 225], [789, 48], [834, 50], [828, 226]]}, {""category"": ""下车时间"", ""value"": ""21:23"", ""shape"": ""polygon"", ""points"": [[861, 226], [866, 43], [911, 43], [906, 226]]}, {""category"": ""总金额（实收金额）"", ""value"": ""47.00"", ""shape"": ""polygon"", ""points"": [[1176, 246], [1186, 71], [1244, 75], [1234, 250]]}]","{""label_template"": ""ocr""}"
32,/taxi100-IG-train/images/IMG_20191123_113024_2.jpg,"[{""category"": ""发票代码"", ""value"": ""144031770319"", ""shape"": ""polygon"", ""points"": [[1211, 476], [1218, 784], [1184, 784], [1178, 476]]}, {""category"": ""发票号码"", ""value"": ""42522258"", ""shape"": ""polygon"", ""points"": [[1156, 488], [1163, 769], [1121, 769], [1114, 488]]}, {""category"": ""乘车日期"", ""value"": ""18-11-13"", ""shape"": ""polygon"", ""points"": [[664, 533], [666, 779], [628, 779], [626, 533]]}, {""category"": ""上车时间"", ""value"": ""20:33"", ""shape"": ""polygon"", ""points"": [[604, 675], [613, 779], [569, 783], [561, 678]]}, {""category"": ""下车时间"", ""value"": ""20:38"", ""shape"": ""polygon"", ""points"": [[546, 673], [543, 786], [504, 784], [508, 671]]}, {""category"": ""总金额（实收金额）"", ""value"": ""10.00"", ""shape"": ""polygon"", ""points"": [[308, 644], [308, 756], [273, 756], [273, 644]]}]","{""label_template"": ""ocr""}"
33,/taxi100-IG-train/images/IMG_20191123_111602_2.jpg,"[{""category"": ""发票代码"", ""value"": ""111001781003"", ""shape"": ""polygon"", ""points"": [[255, 346], [686, 364], [684, 406], [253, 388]]}, {""category"": ""发票号码"", ""value"": ""20352368"", ""shape"": ""polygon"", ""points"": [[246, 402], [535, 415], [533, 455], [244, 442]]}, {""category"": ""乘车日期"", ""value"": ""18-11-14"", ""shape"": ""polygon"", ""points"": [[424, 702], [695, 717], [690, 762], [419, 746]]}, {""category"": ""上车时间"", ""value"": ""10:47"", ""shape"": ""polygon"", ""points"": [[395, 759], [535, 768], [530, 813], [390, 804]]}, {""category"": ""下车时间"", ""value"": ""11:24"", ""shape"": ""polygon"", ""points"": [[553, 768], [700, 779], [695, 833], [548, 822]]}, {""category"": ""总金额（实收金额）"", ""value"": ""46.00"", ""shape"": ""polygon"", ""points"": [[511, 1268], [655, 1279], [651, 1322], [506, 1311]]}]","{""label_template"": ""ocr""}"
34,/taxi100-IG-train/images/IMG_20191123_110951_2.jpg,"[{""category"": ""发票代码"", ""value"": ""111001781002"", ""shape"": ""polygon"", ""points"": [[404, 896], [404, 483], [439, 483], [439, 896]]}, {""category"": ""发票号码"", ""value"": ""50747261"", ""shape"": ""polygon"", ""points"": [[454, 896], [454, 616], [489, 616], [489, 896]]}, {""category"": ""乘车日期"", ""value"": ""18-12-19"", ""shape"": ""polygon"", ""points"": [[738, 709], [738, 446], [779, 446], [779, 709]]}, {""category"": ""上车时间"", ""value"": ""08:37"", ""shape"": ""polygon"", ""points"": [[796, 734], [796, 604], [834, 604], [834, 734]]}, {""category"": ""下车时间"", ""value"": ""03:46"", ""shape"": ""polygon"", ""points"": [[794, 578], [794, 444], [834, 444], [834, 578]]}, {""category"": ""总金额（实收金额）"", ""value"": ""114.00"", ""shape"": ""polygon"", ""points"": [[1269, 581], [1269, 426], [1309, 426], [1309, 581]]}]","{""label_template"": ""ocr""}"
35,/taxi100-IG-train/images/IMG_8999_2.jpg,"[{""category"": ""发票代码"", ""value"": ""111001881001"", ""shape"": ""polygon"", ""points"": [[356, 956], [356, 573], [409, 573], [409, 956]]}, {""category"": ""发票号码"", ""value"": ""53071269"", ""shape"": ""polygon"", ""points"": [[409, 958], [409, 696], [464, 696], [464, 958]]}, {""category"": ""乘车日期"", ""value"": ""19-06-18"", ""shape"": ""polygon"", ""points"": [[698, 786], [698, 519], [750, 519], [750, 786]]}, {""category"": ""上车时间"", ""value"": ""13:21"", ""shape"": ""polygon"", ""points"": [[776, 818], [776, 689], [825, 689], [825, 818]]}, {""category"": ""下车时间"", ""value"": ""14:07"", ""shape"": ""polygon"", ""points"": [[781, 658], [781, 525], [819, 525], [819, 658]]}, {""category"": ""总金额（实收金额）"", ""value"": ""103.00"", ""shape"": ""polygon"", ""points"": [[1239, 733], [1239, 568], [1283, 568], [1283, 733]]}]","{""label_template"": ""ocr""}"
36,/taxi100-IG-train/images/IMG_20191123_134133_2.jpg,"[{""category"": ""发票代码"", ""value"": ""131001860630"", ""shape"": ""polygon"", ""points"": [[351, 370], [679, 370], [679, 424], [351, 424]]}, {""category"": ""发票号码"", ""value"": ""00131969"", ""shape"": ""polygon"", ""points"": [[455, 415], [686, 415], [686, 459], [455, 459]]}, {""category"": ""乘车日期"", ""value"": ""18-09-29"", ""shape"": ""polygon"", ""points"": [[446, 675], [670, 675], [670, 722], [446, 722]]}, {""category"": ""上车时间"", ""value"": ""20:05"", ""shape"": ""polygon"", ""points"": [[555, 719], [668, 719], [668, 764], [555, 764]]}, {""category"": ""下车时间"", ""value"": ""20:20"", ""shape"": ""polygon"", ""points"": [[546, 770], [673, 770], [673, 813], [546, 813]]}, {""category"": ""总金额（实收金额）"", ""value"": ""39.00"", ""shape"": ""polygon"", ""points"": [[497, 966], [617, 966], [617, 1011], [497, 1011]]}]","{""label_template"": ""ocr""}"
37,/taxi100-IG-train/images/IMG_8901_2.jpg,"[{""category"": ""发票代码"", ""value"": ""131001860612"", ""shape"": ""polygon"", ""points"": [[393, 825], [371, 294], [425, 291], [446, 821]]}, {""category"": ""发票号码"", ""value"": ""03166383"", ""shape"": ""polygon"", ""points"": [[443, 639], [433, 293], [488, 291], [498, 638]]}, {""category"": ""乘车日期"", ""value"": ""19-5-21"", ""shape"": ""polygon"", ""points"": [[833, 513], [833, 196], [893, 196], [893, 513]]}, {""category"": ""上车时间"", ""value"": ""9:49"", ""shape"": ""polygon"", ""points"": [[914, 550], [914, 400], [973, 400], [973, 550]]}, {""category"": ""下车时间"", ""value"": ""10:25"", ""shape"": ""polygon"", ""points"": [[919, 361], [919, 181], [975, 181], [975, 361]]}, {""category"": ""总金额（实收金额）"", ""value"": ""60.00"", ""shape"": ""polygon"", ""points"": [[1341, 348], [1341, 156], [1406, 156], [1406, 348]]}]","{""label_template"": ""ocr""}"
38,/taxi100-IG-train/images/IMG_20191123_130019_2.jpg,"[{""category"": ""发票代码"", ""value"": ""131001761406"", ""shape"": ""polygon"", ""points"": [[333, 686], [757, 702], [755, 746], [330, 730]]}, {""category"": ""发票号码"", ""value"": ""07340382"", ""shape"": ""polygon"", ""points"": [[466, 746], [746, 751], [744, 795], [464, 790]]}, {""category"": ""上车时间"", ""value"": ""5:49"", ""shape"": ""polygon"", ""points"": [[588, 1106], [697, 1106], [697, 1148], [588, 1148]]}, {""category"": ""总金额（实收金额）"", ""value"": ""26.00"", ""shape"": ""polygon"", ""points"": [[679, 1370], [800, 1366], [800, 1404], [679, 1408]]}, {""category"": ""乘车日期"", ""value"": ""18-12-14"", ""shape"": ""polygon"", ""points"": [[565, 1048], [824, 1053], [822, 1091], [564, 1086]]}, {""category"": ""下车时间"", ""value"": ""6:02"", ""shape"": ""polygon"", ""points"": [[715, 1102], [819, 1104], [818, 1142], [714, 1140]]}]","{""label_template"": ""ocr""}"
39,/taxi100-IG-train/images/1587888458343_2.jpg,[],"{""label_template"": ""ocr""}"
40,/taxi100-IG-train/images/IMG_9027_2.jpg,"[{""category"": ""发票代码"", ""value"": ""135011970305"", ""shape"": ""polygon"", ""points"": [[538, 1098], [526, 631], [573, 629], [584, 1096]]}, {""category"": ""发票号码"", ""value"": ""00360927"", ""shape"": ""polygon"", ""points"": [[616, 1086], [604, 784], [656, 781], [668, 1083]]}, {""category"": ""乘车日期"", ""value"": ""19-04-20"", ""shape"": ""polygon"", ""points"": [[1025, 988], [1018, 661], [1069, 659], [1076, 986]]}, {""category"": ""上车时间"", ""value"": ""08:27"", ""shape"": ""polygon"", ""points"": [[1084, 808], [1083, 658], [1128, 656], [1129, 806]]}, {""category"": ""下车时间"", ""value"": ""08:42"", ""shape"": ""polygon"", ""points"": [[1151, 804], [1151, 659], [1191, 659], [1191, 804]]}, {""category"": ""总金额（实收金额）"", ""value"": ""18.20"", ""shape"": ""polygon"", ""points"": [[1421, 829], [1421, 678], [1459, 678], [1459, 829]]}]","{""label_template"": ""ocr""}"
41,/taxi100-IG-train/images/IMG_8979_2.jpg,"[{""category"": ""发票代码"", ""value"": ""131001862215"", ""shape"": ""polygon"", ""points"": [[388, 646], [388, 200], [434, 200], [434, 646]]}, {""category"": ""发票号码"", ""value"": ""06257118"", ""shape"": ""polygon"", ""points"": [[439, 503], [439, 211], [484, 211], [484, 503]]}, {""category"": ""乘车日期"", ""value"": ""19-06-21"", ""shape"": ""polygon"", ""points"": [[825, 486], [825, 214], [876, 214], [876, 486]]}, {""category"": ""上车时间"", ""value"": ""18:08"", ""shape"": ""polygon"", ""points"": [[889, 359], [889, 208], [929, 208], [929, 359]]}, {""category"": ""下车时间"", ""value"": ""18:43"", ""shape"": ""polygon"", ""points"": [[943, 356], [943, 203], [996, 203], [996, 356]]}, {""category"": ""总金额（实收金额）"", ""value"": ""118.00"", ""shape"": ""polygon"", ""points"": [[1213, 438], [1213, 254], [1261, 254], [1261, 438]]}]","{""label_template"": ""ocr""}"
42,/taxi100-IG-train/images/IMG_8984_2.jpg,"[{""category"": ""发票代码"", ""value"": ""131001960326"", ""shape"": ""polygon"", ""points"": [[583, 729], [583, 334], [643, 334], [643, 729]]}, {""category"": ""发票号码"", ""value"": ""00863583"", ""shape"": ""polygon"", ""points"": [[641, 618], [641, 358], [691, 358], [691, 618]]}, {""category"": ""乘车日期"", ""value"": ""19-06-28"", ""shape"": ""polygon"", ""points"": [[978, 611], [978, 338], [1018, 338], [1018, 611]]}, {""category"": ""上车时间"", ""value"": ""07:48"", ""shape"": ""polygon"", ""points"": [[1031, 478], [1031, 341], [1081, 341], [1081, 478]]}, {""category"": ""下车时间"", ""value"": ""08:46"", ""shape"": ""polygon"", ""points"": [[1093, 479], [1093, 344], [1138, 344], [1138, 479]]}, {""category"": ""总金额（实收金额）"", ""value"": ""104.00"", ""shape"": ""polygon"", ""points"": [[1331, 529], [1331, 375], [1384, 375], [1384, 529]]}]","{""label_template"": ""ocr""}"
43,/taxi100-IG-train/images/IMG_8946_2.jpg,"[{""category"": ""发票代码"", ""value"": ""131001866404"", ""shape"": ""polygon"", ""points"": [[448, 921], [388, 393], [441, 386], [501, 914]]}, {""category"": ""发票号码"", ""value"": ""00784541"", ""shape"": ""polygon"", ""points"": [[488, 746], [454, 386], [514, 379], [548, 739]]}, {""category"": ""上车时间"", ""value"": ""10:20"", ""shape"": ""polygon"", ""points"": [[1001, 550], [994, 379], [1038, 376], [1044, 546]]}, {""category"": ""下车时间"", ""value"": ""10:54"", ""shape"": ""polygon"", ""points"": [[1081, 543], [1076, 379], [1121, 378], [1126, 541]]}, {""category"": ""总金额（实收金额）"", ""value"": ""69.00"", ""shape"": ""polygon"", ""points"": [[1378, 556], [1371, 381], [1414, 379], [1421, 554]]}, {""category"": ""乘车日期"", ""value"": ""19-03-27"", ""shape"": ""polygon"", ""points"": [[934, 661], [911, 380], [965, 375], [988, 656]]}]","{""label_template"": ""ocr""}"
44,/taxi100-IG-train/images/IMG_20191123_133916_2.jpg,"[{""category"": ""发票代码"", ""value"": ""133011840519"", ""shape"": ""polygon"", ""points"": [[355, 824], [693, 804], [695, 846], [357, 866]]}, {""category"": ""发票号码"", ""value"": ""63444833"", ""shape"": ""polygon"", ""points"": [[368, 888], [595, 877], [595, 919], [368, 930]]}, {""category"": ""下车时间"", ""value"": ""08:5##"", ""shape"": ""polygon"", ""points"": [[555, 1086], [653, 1081], [653, 1115], [555, 1119]]}, {""category"": ""总金额（实收金额）"", ""value"": ""17.00"", ""shape"": ""polygon"", ""points"": [[522, 1268], [642, 1268], [642, 1302], [522, 1302]]}]","{""label_template"": ""ocr""}"
45,/taxi100-IG-train/images/IMG_8927_2.jpg,"[{""category"": ""发票代码"", ""value"": ""138772551415"", ""shape"": ""polygon"", ""points"": [[544, 1093], [544, 600], [613, 600], [613, 1093]]}, {""category"": ""发票号码"", ""value"": ""00123531"", ""shape"": ""polygon"", ""points"": [[611, 929], [611, 611], [675, 611], [675, 929]]}, {""category"": ""乘车日期"", ""value"": ""19-03-19"", ""shape"": ""polygon"", ""points"": [[983, 839], [983, 591], [1031, 591], [1031, 839]]}, {""category"": ""上车时间"", ""value"": ""13:10"", ""shape"": ""polygon"", ""points"": [[1053, 748], [1053, 598], [1098, 598], [1098, 748]]}, {""category"": ""下车时间"", ""value"": ""13:37"", ""shape"": ""polygon"", ""points"": [[1118, 751], [1118, 600], [1163, 600], [1163, 751]]}, {""category"": ""总金额（实收金额）"", ""value"": ""40.00"", ""shape"": ""polygon"", ""points"": [[1371, 786], [1371, 631], [1423, 631], [1423, 786]]}]","{""label_template"": ""ocr""}"
46,/taxi100-IG-train/images/IMG_20191123_145014_2.jpg,"[{""category"": ""发票代码"", ""value"": ""144031970119"", ""shape"": ""polygon"", ""points"": [[338, 828], [338, 529], [376, 529], [376, 828]]}, {""category"": ""发票号码"", ""value"": ""09383870"", ""shape"": ""polygon"", ""points"": [[401, 828], [401, 548], [443, 548], [443, 828]]}, {""category"": ""上车时间"", ""value"": ""18:21"", ""shape"": ""polygon"", ""points"": [[900, 608], [900, 504], [936, 504], [936, 608]]}, {""category"": ""下车时间"", ""value"": ""19:54"", ""shape"": ""polygon"", ""points"": [[951, 601], [943, 498], [983, 493], [991, 596]]}, {""category"": ""总金额（实收金额）"", ""value"": ""232.50"", ""shape"": ""polygon"", ""points"": [[1183, 634], [1173, 509], [1213, 506], [1223, 631]]}, {""category"": ""乘车日期"", ""value"": ""19-07-23"", ""shape"": ""polygon"", ""points"": [[859, 743], [846, 508], [884, 504], [898, 739]]}]","{""label_template"": ""ocr""}"
47,/taxi100-IG-train/images/IMG_8916_2.jpg,"[{""category"": ""发票代码"", ""value"": ""131001861409"", ""shape"": ""polygon"", ""points"": [[444, 569], [444, 69], [508, 69], [508, 569]]}, {""category"": ""发票号码"", ""value"": ""01324241"", ""shape"": ""polygon"", ""points"": [[516, 403], [516, 68], [575, 68], [575, 403]]}, {""category"": ""乘车日期"", ""value"": ""19-05-05"", ""shape"": ""polygon"", ""points"": [[944, 423], [944, 84], [1004, 84], [1004, 423]]}, {""category"": ""上车时间"", ""value"": ""19:03"", ""shape"": ""polygon"", ""points"": [[1018, 248], [1018, 88], [1078, 88], [1078, 248]]}, {""category"": ""下车时间"", ""value"": ""19:25"", ""shape"": ""polygon"", ""points"": [[1100, 244], [1100, 79], [1159, 79], [1159, 244]]}, {""category"": ""总金额（实收金额）"", ""value"": ""37.00"", ""shape"": ""polygon"", ""points"": [[1414, 284], [1414, 98], [1479, 98], [1479, 284]]}]","{""label_template"": ""ocr""}"
48,/taxi100-IG-train/images/IMG_20191123_144204_2.jpg,"[{""category"": ""发票代码"", ""value"": ""144031870219"", ""shape"": ""polygon"", ""points"": [[336, 791], [336, 503], [378, 503], [378, 791]]}, {""category"": ""乘车日期"", ""value"": ""1019-08-19"", ""shape"": ""polygon"", ""points"": [[856, 734], [856, 511], [889, 511], [889, 734]]}, {""category"": ""上车时间"", ""value"": ""06:23"", ""shape"": ""polygon"", ""points"": [[898, 609], [898, 506], [939, 506], [939, 609]]}, {""category"": ""下车时间"", ""value"": ""08:00"", ""shape"": ""polygon"", ""points"": [[948, 604], [948, 506], [988, 506], [988, 604]]}, {""category"": ""总金额（实收金额）"", ""value"": ""243.00"", ""shape"": ""polygon"", ""points"": [[1166, 641], [1166, 526], [1196, 526], [1196, 641]]}, {""category"": ""发票号码"", ""value"": ""17882080"", ""shape"": ""polygon"", ""points"": [[388, 778], [400, 513], [438, 514], [426, 779]]}]","{""label_template"": ""ocr""}"
49,/taxi100-IG-train/images/IMG_20191123_132300_2.jpg,"[{""category"": ""发票代码"", ""value"": ""131001660105"", ""shape"": ""polygon"", ""points"": [[384, 615], [706, 615], [706, 659], [384, 659]]}, {""category"": ""发票号码"", ""value"": ""03563537"", ""shape"": ""polygon"", ""points"": [[468, 657], [695, 657], [695, 700], [468, 700]]}, {""category"": ""乘车日期"", ""value"": ""18-09-28"", ""shape"": ""polygon"", ""points"": [[475, 937], [706, 937], [706, 977], [475, 977]]}, {""category"": ""上车时间"", ""value"": ""22:22"", ""shape"": ""polygon"", ""points"": [[595, 981], [706, 981], [706, 1026], [595, 1026]]}, {""category"": ""下车时间"", ""value"": ""22:34"", ""shape"": ""polygon"", ""points"": [[588, 1030], [700, 1030], [700, 1075], [588, 1075]]}, {""category"": ""总金额（实收金额）"", ""value"": ""23.00"", ""shape"": ""polygon"", ""points"": [[564, 1226], [677, 1226], [677, 1268], [564, 1268]]}]","{""label_template"": ""ocr""}"
50,/taxi100-IG-train/images/IMG_20191123_130627_2.jpg,"[{""category"": ""发票代码"", ""value"": ""111001781003"", ""shape"": ""polygon"", ""points"": [[561, 776], [576, 489], [608, 491], [593, 778]]}, {""category"": ""发票号码"", ""value"": ""45306848"", ""shape"": ""polygon"", ""points"": [[601, 778], [611, 583], [638, 583], [628, 778]]}, {""category"": ""乘车日期"", ""value"": ""18-12-05"", ""shape"": ""polygon"", ""points"": [[789, 664], [798, 478], [825, 478], [816, 664]]}, {""category"": ""上车时间"", ""value"": ""19:08"", ""shape"": ""polygon"", ""points"": [[826, 681], [829, 588], [859, 588], [856, 681]]}, {""category"": ""下车时间"", ""value"": ""19:50"", ""shape"": ""polygon"", ""points"": [[829, 571], [834, 478], [866, 479], [861, 573]]}, {""category"": ""总金额（实收金额）"", ""value"": ""108.00"", ""shape"": ""polygon"", ""points"": [[1168, 604], [1173, 484], [1204, 484], [1200, 604]]}]","{""label_template"": ""ocr""}"
51,/taxi100-IG-train/images/IMG_20191123_110320_2.jpg,"[{""category"": ""发票代码"", ""value"": ""111001781002"", ""shape"": ""polygon"", ""points"": [[423, 816], [423, 443], [454, 443], [454, 816]]}, {""category"": ""发票号码"", ""value"": ""51127310"", ""shape"": ""polygon"", ""points"": [[468, 811], [468, 571], [508, 571], [508, 811]]}, {""category"": ""乘车日期"", ""value"": ""18-10-13"", ""shape"": ""polygon"", ""points"": [[743, 644], [743, 416], [778, 416], [778, 644]]}, {""category"": ""上车时间"", ""value"": ""00:44"", ""shape"": ""polygon"", ""points"": [[801, 669], [801, 551], [836, 551], [836, 669]]}, {""category"": ""下车时间"", ""value"": ""01:02"", ""shape"": ""polygon"", ""points"": [[798, 531], [798, 413], [829, 413], [829, 531]]}, {""category"": ""总金额（实收金额）"", ""value"": ""38.00"", ""shape"": ""polygon"", ""points"": [[1208, 519], [1208, 401], [1246, 401], [1246, 519]]}]","{""label_template"": ""ocr""}"
52,/taxi100-IG-train/images/IMG_20191123_123045_2.jpg,"[{""category"": ""发票代码"", ""value"": ""111001781004"", ""shape"": ""polygon"", ""points"": [[461, 911], [461, 475], [498, 475], [498, 911]]}, {""category"": ""发票号码"", ""value"": ""01980123"", ""shape"": ""polygon"", ""points"": [[518, 914], [518, 623], [563, 623], [563, 914]]}, {""category"": ""乘车日期"", ""value"": ""18-12-18"", ""shape"": ""polygon"", ""points"": [[823, 713], [823, 433], [863, 433], [863, 713]]}, {""category"": ""上车时间"", ""value"": ""16:59"", ""shape"": ""polygon"", ""points"": [[894, 731], [894, 596], [925, 596], [925, 731]]}, {""category"": ""下车时间"", ""value"": ""18:04"", ""shape"": ""polygon"", ""points"": [[888, 571], [888, 434], [928, 434], [928, 571]]}, {""category"": ""总金额（实收金额）"", ""value"": ""107.00"", ""shape"": ""polygon"", ""points"": [[1381, 578], [1381, 414], [1423, 414], [1423, 578]]}]","{""label_template"": ""ocr""}"
53,/taxi100-IG-train/images/IMG_20191123_145840_2.jpg,"[{""category"": ""乘车日期"", ""value"": ""19-07-10"", ""shape"": ""polygon"", ""points"": [[800, 736], [800, 529], [841, 529], [841, 736]]}, {""category"": ""上车时间"", ""value"": ""09:36"", ""shape"": ""polygon"", ""points"": [[853, 619], [853, 526], [888, 526], [888, 619]]}, {""category"": ""下车时间"", ""value"": ""10:32"", ""shape"": ""polygon"", ""points"": [[901, 619], [901, 525], [948, 525], [948, 619]]}, {""category"": ""总金额（实收金额）"", ""value"": ""84.00"", ""shape"": ""polygon"", ""points"": [[1114, 646], [1114, 550], [1156, 550], [1156, 646]]}, {""category"": ""发票代码"", ""value"": ""144031870119"", ""shape"": ""polygon"", ""points"": [[331, 793], [354, 531], [388, 533], [364, 794]]}, {""category"": ""发票号码"", ""value"": ""74010253"", ""shape"": ""polygon"", ""points"": [[379, 800], [401, 550], [436, 551], [414, 801]]}]","{""label_template"": ""ocr""}"
54,/taxi100-IG-train/images/IMG_20191123_112833_2.jpg,"[{""category"": ""发票代码"", ""value"": ""111001781003"", ""shape"": ""polygon"", ""points"": [[228, 515], [637, 515], [637, 573], [228, 573]]}, {""category"": ""发票号码"", ""value"": ""14525510"", ""shape"": ""polygon"", ""points"": [[222, 575], [513, 575], [513, 626], [222, 626]]}, {""category"": ""乘车日期"", ""value"": ""18-11-30"", ""shape"": ""polygon"", ""points"": [[404, 844], [664, 844], [664, 888], [404, 888]]}, {""category"": ""上车时间"", ""value"": ""21:51"", ""shape"": ""polygon"", ""points"": [[379, 895], [508, 895], [508, 942], [379, 942]]}, {""category"": ""下车时间"", ""value"": ""22:19"", ""shape"": ""polygon"", ""points"": [[526, 900], [657, 900], [657, 942], [526, 942]]}, {""category"": ""总金额（实收金额）"", ""value"": ""38.00"", ""shape"": ""polygon"", ""points"": [[528, 1286], [646, 1286], [646, 1319], [528, 1319]]}]","{""label_template"": ""ocr""}"
55,/taxi100-IG-train/images/IMG_8834_2.jpg,"[{""category"": ""发票代码"", ""value"": ""131001861515"", ""shape"": ""polygon"", ""points"": [[561, 1091], [523, 479], [591, 475], [629, 1086]]}, {""category"": ""发票号码"", ""value"": ""16516044"", ""shape"": ""polygon"", ""points"": [[614, 869], [591, 491], [654, 486], [678, 864]]}, {""category"": ""乘车日期"", ""value"": ""19-6-27"", ""shape"": ""polygon"", ""points"": [[946, 683], [918, 354], [973, 350], [1001, 678]]}, {""category"": ""上车时间"", ""value"": ""21:47"", ""shape"": ""polygon"", ""points"": [[1026, 743], [1014, 563], [1066, 558], [1078, 738]]}, {""category"": ""下车时间"", ""value"": ""22:20"", ""shape"": ""polygon"", ""points"": [[1009, 531], [996, 353], [1048, 348], [1061, 526]]}, {""category"": ""总金额（实收金额）"", ""value"": ""126.00"", ""shape"": ""polygon"", ""points"": [[1361, 546], [1346, 358], [1393, 353], [1408, 541]]}]","{""label_template"": ""ocr""}"
56,/taxi100-IG-train/images/IMG_20191123_123019_2.jpg,"[{""category"": ""发票代码"", ""value"": ""111001781001"", ""shape"": ""polygon"", ""points"": [[438, 966], [438, 538], [479, 538], [479, 966]]}, {""category"": ""发票号码"", ""value"": ""95042976"", ""shape"": ""polygon"", ""points"": [[493, 966], [493, 678], [534, 678], [534, 966]]}, {""category"": ""乘车日期"", ""value"": ""18-12-28"", ""shape"": ""polygon"", ""points"": [[753, 789], [753, 509], [801, 509], [801, 789]]}, {""category"": ""上车时间"", ""value"": ""10:30"", ""shape"": ""polygon"", ""points"": [[839, 816], [839, 675], [884, 675], [884, 816]]}, {""category"": ""下车时间"", ""value"": ""10:36"", ""shape"": ""polygon"", ""points"": [[838, 641], [838, 503], [886, 503], [886, 641]]}, {""category"": ""总金额（实收金额）"", ""value"": ""###"", ""shape"": ""polygon"", ""points"": [[1314, 618], [1314, 500], [1359, 500], [1359, 618]]}]","{""label_template"": ""ocr""}"
57,/taxi100-IG-train/images/IMG_8951_2.jpg,"[{""category"": ""发票代码"", ""value"": ""131001861109"", ""shape"": ""polygon"", ""points"": [[414, 1046], [414, 500], [464, 500], [464, 1046]]}, {""category"": ""发票号码"", ""value"": ""00535844"", ""shape"": ""polygon"", ""points"": [[476, 864], [476, 514], [533, 514], [533, 864]]}, {""category"": ""上车时间"", ""value"": ""16:40"", ""shape"": ""polygon"", ""points"": [[1023, 675], [1023, 508], [1068, 508], [1068, 675]]}, {""category"": ""下车时间"", ""value"": ""17:30"", ""shape"": ""polygon"", ""points"": [[1100, 669], [1100, 508], [1141, 508], [1141, 669]]}, {""category"": ""总金额（实收金额）"", ""value"": ""76.00"", ""shape"": ""polygon"", ""points"": [[1393, 706], [1393, 536], [1444, 536], [1444, 706]]}, {""category"": ""乘车日期"", ""value"": ""19-04-17"", ""shape"": ""polygon"", ""points"": [[952, 781], [941, 511], [993, 508], [1004, 778]]}]","{""label_template"": ""ocr""}"
58,/taxi100-IG-train/images/IMG_20191123_144818_2.jpg,"[{""category"": ""发票代码"", ""value"": ""144031870119"", ""shape"": ""polygon"", ""points"": [[430, 302], [681, 311], [679, 344], [428, 335]]}, {""category"": ""发票号码"", ""value"": ""474513617"", ""shape"": ""polygon"", ""points"": [[433, 348], [673, 351], [670, 388], [430, 386]]}, {""category"": ""乘车日期"", ""value"": ""19-08-19"", ""shape"": ""polygon"", ""points"": [[488, 715], [724, 715], [724, 751], [488, 751]]}, {""category"": ""上车时间"", ""value"": ""20:24"", ""shape"": ""polygon"", ""points"": [[602, 755], [726, 755], [726, 795], [602, 795]]}, {""category"": ""下车时间"", ""value"": ""22:18"", ""shape"": ""polygon"", ""points"": [[604, 800], [739, 800], [739, 835], [604, 835]]}, {""category"": ""总金额（实收金额）"", ""value"": ""230.00"", ""shape"": ""polygon"", ""points"": [[579, 981], [728, 981], [728, 1019], [579, 1019]]}]","{""label_template"": ""ocr""}"
59,/taxi100-IG-train/images/IMG_8893_2.jpg,"[{""category"": ""发票代码"", ""value"": ""131001861915"", ""shape"": ""polygon"", ""points"": [[488, 1054], [488, 531], [539, 531], [539, 1054]]}, {""category"": ""发票号码"", ""value"": ""01824230"", ""shape"": ""polygon"", ""points"": [[550, 881], [550, 533], [603, 533], [603, 881]]}, {""category"": ""乘车日期"", ""value"": ""19-06-19"", ""shape"": ""polygon"", ""points"": [[998, 858], [998, 541], [1039, 541], [1039, 858]]}, {""category"": ""上车时间"", ""value"": ""08:13"", ""shape"": ""polygon"", ""points"": [[1068, 700], [1068, 538], [1111, 538], [1111, 700]]}, {""category"": ""下车时间"", ""value"": ""09:37"", ""shape"": ""polygon"", ""points"": [[1136, 696], [1136, 543], [1171, 543], [1171, 696]]}, {""category"": ""总金额（实收金额）"", ""value"": ""118.00"", ""shape"": ""polygon"", ""points"": [[1426, 793], [1426, 600], [1466, 600], [1466, 793]]}]","{""label_template"": ""ocr""}"
60,/taxi100-IG-train/images/IMG_20191123_144907_2.jpg,"[{""category"": ""发票代码"", ""value"": ""144031870219"", ""shape"": ""polygon"", ""points"": [[424, 342], [708, 351], [706, 384], [422, 375]]}, {""category"": ""发票号码"", ""value"": ""17882561"", ""shape"": ""polygon"", ""points"": [[437, 400], [702, 404], [700, 446], [435, 442]]}, {""category"": ""乘车日期"", ""value"": ""19-08-23"", ""shape"": ""polygon"", ""points"": [[430, 866], [724, 842], [726, 884], [433, 908]]}, {""category"": ""上车时间"", ""value"": ""20:28"", ""shape"": ""polygon"", ""points"": [[590, 897], [724, 893], [724, 935], [590, 939]]}, {""category"": ""下车时间"", ""value"": ""22:22"", ""shape"": ""polygon"", ""points"": [[595, 946], [726, 939], [728, 984], [597, 990]]}, {""category"": ""总金额（实收金额）"", ""value"": ""243.00"", ""shape"": ""polygon"", ""points"": [[557, 1139], [711, 1128], [713, 1170], [559, 1181]]}]","{""label_template"": ""ocr""}"
61,/taxi100-IG-train/images/IMG_20191123_151439_2.jpg,"[{""category"": ""发票代码"", ""value"": ""144031870219"", ""shape"": ""polygon"", ""points"": [[495, 417], [755, 417], [755, 457], [495, 457]]}, {""category"": ""发票号码"", ""value"": ""29013813"", ""shape"": ""polygon"", ""points"": [[484, 470], [726, 470], [726, 519], [484, 519]]}, {""category"": ""乘车日期"", ""value"": ""19-06-20"", ""shape"": ""polygon"", ""points"": [[517, 857], [715, 857], [715, 908], [517, 908]]}, {""category"": ""上车时间"", ""value"": ""12:24"", ""shape"": ""polygon"", ""points"": [[622, 906], [715, 906], [715, 955], [622, 955]]}, {""category"": ""下车时间"", ""value"": ""12:28"", ""shape"": ""polygon"", ""points"": [[624, 955], [719, 955], [719, 1000], [624, 1000]]}, {""category"": ""总金额（实收金额）"", ""value"": ""10.00"", ""shape"": ""polygon"", ""points"": [[588, 1155], [684, 1155], [684, 1200], [588, 1200]]}]","{""label_template"": ""ocr""}"
62,/taxi100-IG-train/images/IMG_20191123_125610_2.jpg,"[{""category"": ""发票代码"", ""value"": ""131001861015"", ""shape"": ""polygon"", ""points"": [[591, 993], [600, 619], [639, 619], [631, 993]]}, {""category"": ""发票号码"", ""value"": ""01220480"", ""shape"": ""polygon"", ""points"": [[638, 888], [646, 643], [684, 643], [676, 888]]}, {""category"": ""乘车日期"", ""value"": ""18-11-22"", ""shape"": ""polygon"", ""points"": [[950, 818], [953, 625], [986, 625], [983, 818]]}, {""category"": ""上车时间"", ""value"": ""14:00"", ""shape"": ""polygon"", ""points"": [[1004, 744], [1008, 628], [1039, 628], [1036, 744]]}, {""category"": ""下车时间"", ""value"": ""15:04"", ""shape"": ""polygon"", ""points"": [[1059, 748], [1063, 626], [1096, 626], [1093, 748]]}, {""category"": ""总金额（实收金额）"", ""value"": ""95.00"", ""shape"": ""polygon"", ""points"": [[1275, 778], [1276, 653], [1311, 653], [1309, 778]]}]","{""label_template"": ""ocr""}"
63,/taxi100-IG-train/images/IMG_20191123_145858_2.jpg,"[{""category"": ""发票代码"", ""value"": ""144031870219"", ""shape"": ""polygon"", ""points"": [[333, 297], [626, 297], [626, 333], [333, 333]]}, {""category"": ""发票号码"", ""value"": ""17754634"", ""shape"": ""polygon"", ""points"": [[342, 342], [606, 342], [606, 388], [342, 388]]}, {""category"": ""乘车日期"", ""value"": ""19-07-14"", ""shape"": ""polygon"", ""points"": [[377, 773], [611, 773], [611, 808], [377, 808]]}, {""category"": ""上车时间"", ""value"": ""15:55"", ""shape"": ""polygon"", ""points"": [[500, 819], [604, 819], [604, 866], [500, 866]]}, {""category"": ""下车时间"", ""value"": ""16:27"", ""shape"": ""polygon"", ""points"": [[502, 875], [604, 875], [604, 913], [502, 913]]}, {""category"": ""总金额（实收金额）"", ""value"": ""55.50"", ""shape"": ""polygon"", ""points"": [[475, 1097], [579, 1097], [579, 1139], [475, 1139]]}]","{""label_template"": ""ocr""}"
64,/taxi100-IG-train/images/IMG_20191123_130048_2.jpg,"[{""category"": ""发票代码"", ""value"": ""131001762915"", ""shape"": ""polygon"", ""points"": [[322, 502], [728, 530], [724, 577], [317, 548]]}, {""category"": ""发票号码"", ""value"": ""16623106"", ""shape"": ""polygon"", ""points"": [[453, 559], [722, 575], [717, 615], [448, 600]]}, {""category"": ""乘车日期"", ""value"": ""18-12-15"", ""shape"": ""polygon"", ""points"": [[430, 881], [677, 895], [675, 935], [428, 922]]}, {""category"": ""上车时间"", ""value"": ""03:33"", ""shape"": ""polygon"", ""points"": [[548, 942], [679, 948], [677, 981], [546, 975]]}, {""category"": ""下车时间"", ""value"": ""03:54"", ""shape"": ""polygon"", ""points"": [[544, 995], [666, 1004], [662, 1042], [539, 1033]]}, {""category"": ""总金额（实收金额）"", ""value"": ""45.00"", ""shape"": ""polygon"", ""points"": [[488, 1204], [617, 1213], [615, 1242], [486, 1233]]}]","{""label_template"": ""ocr""}"
65,/taxi100-IG-train/images/IMG_20191123_145820_2.jpg,"[{""category"": ""发票代码"", ""value"": ""144031970119"", ""shape"": ""polygon"", ""points"": [[673, 300], [973, 300], [973, 339], [673, 339]]}, {""category"": ""发票号码"", ""value"": ""12193393"", ""shape"": ""polygon"", ""points"": [[686, 346], [957, 346], [957, 397], [686, 397]]}, {""category"": ""乘车日期"", ""value"": ""19-07-29"", ""shape"": ""polygon"", ""points"": [[722, 822], [946, 822], [946, 868], [722, 868]]}, {""category"": ""上车时间"", ""value"": ""21:33"", ""shape"": ""polygon"", ""points"": [[846, 879], [951, 879], [951, 924], [846, 924]]}, {""category"": ""下车时间"", ""value"": ""22:16"", ""shape"": ""polygon"", ""points"": [[846, 935], [948, 935], [948, 977], [846, 977]]}, {""category"": ""总金额（实收金额）"", ""value"": ""97.00"", ""shape"": ""polygon"", ""points"": [[817, 1148], [919, 1148], [919, 1193], [817, 1193]]}]","{""label_template"": ""ocr""}"
66,/taxi100-IG-train/images/IMG_8835_2.jpg,"[{""category"": ""发票代码"", ""value"": ""131001861427"", ""shape"": ""polygon"", ""points"": [[418, 1114], [428, 579], [484, 579], [475, 1114]]}, {""category"": ""发票号码"", ""value"": ""00080470"", ""shape"": ""polygon"", ""points"": [[486, 929], [489, 594], [541, 594], [538, 929]]}, {""category"": ""乘车日期"", ""value"": ""19-06-26"", ""shape"": ""polygon"", ""points"": [[908, 826], [903, 579], [944, 578], [950, 825]]}, {""category"": ""上车时间"", ""value"": ""09:47"", ""shape"": ""polygon"", ""points"": [[969, 736], [966, 579], [1009, 578], [1013, 734]]}, {""category"": ""下车时间"", ""value"": ""10:30"", ""shape"": ""polygon"", ""points"": [[1039, 734], [1033, 575], [1076, 571], [1083, 731]]}, {""category"": ""总金额（实收金额）"", ""value"": ""123.00"", ""shape"": ""polygon"", ""points"": [[1286, 788], [1281, 608], [1319, 606], [1325, 786]]}]","{""label_template"": ""ocr""}"
67,/taxi100-IG-train/images/IMG_20191123_141336_2.jpg,"[{""category"": ""发票代码"", ""value"": ""131001861804"", ""shape"": ""polygon"", ""points"": [[715, 322], [1128, 346], [1126, 379], [713, 355]]}, {""category"": ""发票号码"", ""value"": ""03994638"", ""shape"": ""polygon"", ""points"": [[837, 366], [1133, 395], [1128, 435], [833, 406]]}, {""category"": ""上车时间"", ""value"": ""09:08"", ""shape"": ""polygon"", ""points"": [[1008, 788], [1155, 808], [1148, 855], [1002, 835]]}, {""category"": ""下车时间"", ""value"": ""09:36"", ""shape"": ""polygon"", ""points"": [[1002, 855], [1153, 868], [1148, 908], [997, 895]]}, {""category"": ""总金额（实收金额）"", ""value"": ""68.00"", ""shape"": ""polygon"", ""points"": [[970, 1113], [1115, 1126], [1111, 1159], [966, 1146]]}, {""category"": ""乘车日期"", ""value"": ""18-09-20"", ""shape"": ""polygon"", ""points"": [[926, 717], [1161, 738], [1156, 785], [921, 763]]}]","{""label_template"": ""ocr""}"
68,/taxi100-IG-train/images/IMG_20191123_150114_2.jpg,"[{""category"": ""发票代码"", ""value"": ""144031770319"", ""shape"": ""polygon"", ""points"": [[379, 733], [379, 483], [413, 483], [413, 733]]}, {""category"": ""发票号码"", ""value"": ""93961097"", ""shape"": ""polygon"", ""points"": [[418, 733], [418, 501], [463, 501], [463, 733]]}, {""category"": ""乘车日期"", ""value"": ""19-06-28"", ""shape"": ""polygon"", ""points"": [[831, 686], [831, 483], [875, 483], [875, 686]]}, {""category"": ""上车时间"", ""value"": ""09:30"", ""shape"": ""polygon"", ""points"": [[878, 571], [878, 484], [916, 484], [916, 571]]}, {""category"": ""下车时间"", ""value"": ""09:40"", ""shape"": ""polygon"", ""points"": [[925, 575], [925, 478], [966, 478], [966, 575]]}, {""category"": ""总金额（实收金额）"", ""value"": ""15.00"", ""shape"": ""polygon"", ""points"": [[1123, 596], [1123, 501], [1168, 501], [1168, 596]]}]","{""label_template"": ""ocr""}"
69,/taxi100-IG-train/images/IMG_20191123_144843_2.jpg,"[{""category"": ""发票代码"", ""value"": ""144031970119"", ""shape"": ""polygon"", ""points"": [[244, 850], [244, 523], [288, 523], [288, 850]]}, {""category"": ""发票号码"", ""value"": ""04222871"", ""shape"": ""polygon"", ""points"": [[294, 843], [294, 554], [350, 554], [350, 843]]}, {""category"": ""乘车日期"", ""value"": ""19-08-21"", ""shape"": ""polygon"", ""points"": [[801, 754], [801, 501], [841, 501], [841, 754]]}, {""category"": ""上车时间"", ""value"": ""19:59"", ""shape"": ""polygon"", ""points"": [[853, 611], [853, 501], [898, 501], [898, 611]]}, {""category"": ""下车时间"", ""value"": ""21:37"", ""shape"": ""polygon"", ""points"": [[909, 613], [909, 500], [958, 500], [958, 613]]}, {""category"": ""总金额（实收金额）"", ""value"": ""246.00"", ""shape"": ""polygon"", ""points"": [[1161, 656], [1161, 531], [1201, 531], [1201, 656]]}]","{""label_template"": ""ocr""}"
70,/taxi100-IG-train/images/IMG_20191123_145039_2.jpg,"[{""category"": ""发票代码"", ""value"": ""144031870219"", ""shape"": ""polygon"", ""points"": [[354, 776], [354, 503], [389, 503], [389, 776]]}, {""category"": ""发票号码"", ""value"": ""18914028"", ""shape"": ""polygon"", ""points"": [[414, 764], [414, 508], [453, 508], [453, 764]]}, {""category"": ""乘车日期"", ""value"": ""19-08-15"", ""shape"": ""polygon"", ""points"": [[846, 775], [831, 491], [869, 488], [884, 771]]}, {""category"": ""上车时间"", ""value"": ""20:32"", ""shape"": ""polygon"", ""points"": [[881, 621], [876, 488], [916, 486], [921, 619]]}, {""category"": ""下车时间"", ""value"": ""22:30"", ""shape"": ""polygon"", ""points"": [[931, 619], [926, 486], [963, 484], [968, 618]]}, {""category"": ""总金额（实收金额）"", ""value"": ""248.00"", ""shape"": ""polygon"", ""points"": [[1128, 659], [1121, 498], [1159, 496], [1166, 658]]}]","{""label_template"": ""ocr""}"
71,/taxi100-IG-train/images/IMG_20191123_141052_2.jpg,"[{""category"": ""发票代码"", ""value"": ""131001760406"", ""shape"": ""polygon"", ""points"": [[377, 211], [813, 213], [811, 255], [375, 253]]}, {""category"": ""发票号码"", ""value"": ""12148895"", ""shape"": ""polygon"", ""points"": [[517, 255], [813, 248], [813, 295], [517, 302]]}, {""category"": ""乘车日期"", ""value"": ""18-10-24"", ""shape"": ""polygon"", ""points"": [[648, 557], [948, 557], [948, 600], [648, 600]]}, {""category"": ""上车时间"", ""value"": ""9:33"", ""shape"": ""polygon"", ""points"": [[679, 617], [800, 617], [800, 662], [679, 662]]}, {""category"": ""下车时间"", ""value"": ""9:57"", ""shape"": ""polygon"", ""points"": [[824, 619], [939, 619], [939, 664], [824, 664]]}, {""category"": ""总金额（实收金额）"", ""value"": ""53.00"", ""shape"": ""polygon"", ""points"": [[808, 939], [959, 939], [959, 997], [808, 997]]}]","{""label_template"": ""ocr""}"
72,/taxi100-IG-train/images/IMG_20191123_125303_2.jpg,"[{""category"": ""发票代码"", ""value"": ""111001781002"", ""shape"": ""polygon"", ""points"": [[450, 858], [429, 463], [473, 459], [493, 854]]}, {""category"": ""发票号码"", ""value"": ""81815138"", ""shape"": ""polygon"", ""points"": [[503, 853], [489, 589], [529, 586], [543, 850]]}, {""category"": ""乘车日期"", ""value"": ""18-11-30"", ""shape"": ""polygon"", ""points"": [[784, 636], [761, 386], [800, 381], [823, 631]]}, {""category"": ""上车时间"", ""value"": ""13:25"", ""shape"": ""polygon"", ""points"": [[846, 653], [834, 533], [871, 528], [883, 648]]}, {""category"": ""下车时间"", ""value"": ""13:50"", ""shape"": ""polygon"", ""points"": [[833, 504], [823, 383], [861, 379], [871, 501]]}, {""category"": ""总金额（实收金额）"", ""value"": ""32.00"", ""shape"": ""polygon"", ""points"": [[1268, 475], [1254, 353], [1288, 348], [1301, 469]]}]","{""label_template"": ""ocr""}"
73,/taxi100-IG-train/images/IMG_20191123_125804_2.jpg,"[{""category"": ""发票代码"", ""value"": ""112001760121"", ""shape"": ""polygon"", ""points"": [[593, 526], [962, 535], [959, 577], [590, 568]]}, {""category"": ""发票号码"", ""value"": ""52390008"", ""shape"": ""polygon"", ""points"": [[597, 600], [786, 606], [784, 639], [595, 633]]}, {""category"": ""乘车日期"", ""value"": ""18-12-18"", ""shape"": ""polygon"", ""points"": [[686, 637], [913, 639], [911, 673], [684, 670]]}, {""category"": ""总金额（实收金额）"", ""value"": ""65.80"", ""shape"": ""polygon"", ""points"": [[795, 1097], [922, 1095], [922, 1128], [795, 1130]]}, {""category"": ""上车时间"", ""value"": ""10:07"", ""shape"": ""polygon"", ""points"": [[668, 824], [779, 828], [777, 855], [666, 851]]}, {""category"": ""下车时间"", ""value"": ""10:32"", ""shape"": ""polygon"", ""points"": [[800, 830], [917, 830], [917, 862], [800, 862]]}]","{""label_template"": ""ocr""}"
74,/taxi100-IG-train/images/IMG_9035_2.jpg,"[{""category"": ""发票代码"", ""value"": ""144031870119"", ""shape"": ""polygon"", ""points"": [[311, 958], [311, 668], [354, 668], [354, 958]]}, {""category"": ""发票号码"", ""value"": ""76741055"", ""shape"": ""polygon"", ""points"": [[363, 951], [363, 683], [413, 683], [413, 951]]}, {""category"": ""乘车日期"", ""value"": ""13-04-16"", ""shape"": ""polygon"", ""points"": [[823, 908], [823, 686], [861, 686], [861, 908]]}, {""category"": ""上车时间"", ""value"": ""14:45"", ""shape"": ""polygon"", ""points"": [[875, 788], [875, 683], [914, 683], [914, 788]]}, {""category"": ""下车时间"", ""value"": ""15:11"", ""shape"": ""polygon"", ""points"": [[925, 784], [925, 684], [971, 684], [971, 784]]}, {""category"": ""总金额（实收金额）"", ""value"": ""42.50"", ""shape"": ""polygon"", ""points"": [[1138, 811], [1138, 708], [1181, 708], [1181, 811]]}]","{""label_template"": ""ocr""}"
75,/taxi100-IG-train/images/IMG_20191123_124710_2.jpg,"[{""category"": ""发票代码"", ""value"": ""111001781003"", ""shape"": ""polygon"", ""points"": [[670, 448], [1086, 422], [1088, 473], [673, 500]]}, {""category"": ""发票号码"", ""value"": ""13080479"", ""shape"": ""polygon"", ""points"": [[659, 508], [939, 477], [944, 524], [664, 555]]}, {""category"": ""乘车日期"", ""value"": ""18-12-19"", ""shape"": ""polygon"", ""points"": [[853, 762], [1106, 764], [1104, 808], [851, 806]]}, {""category"": ""上车时间"", ""value"": ""11:49"", ""shape"": ""polygon"", ""points"": [[835, 819], [957, 819], [957, 866], [835, 866]]}, {""category"": ""下车时间"", ""value"": ""12:50"", ""shape"": ""polygon"", ""points"": [[981, 819], [1097, 819], [1097, 866], [981, 866]]}, {""category"": ""总金额（实收金额）"", ""value"": ""118.00"", ""shape"": ""polygon"", ""points"": [[928, 1228], [1062, 1228], [1062, 1275], [928, 1275]]}]","{""label_template"": ""ocr""}"
76,/taxi100-IG-train/images/IMG_8911_2.jpg,"[{""category"": ""发票代码"", ""value"": ""131001860612"", ""shape"": ""polygon"", ""points"": [[463, 844], [444, 268], [504, 264], [523, 841]]}, {""category"": ""发票号码"", ""value"": ""02810053"", ""shape"": ""polygon"", ""points"": [[526, 664], [516, 289], [576, 288], [586, 663]]}, {""category"": ""乘车日期"", ""value"": ""19-5-7"", ""shape"": ""polygon"", ""points"": [[913, 459], [916, 150], [971, 150], [968, 459]]}, {""category"": ""上车时间"", ""value"": ""9:33"", ""shape"": ""polygon"", ""points"": [[1000, 533], [998, 383], [1054, 381], [1056, 531]]}, {""category"": ""下车时间"", ""value"": ""10:13"", ""shape"": ""polygon"", ""points"": [[998, 336], [998, 148], [1059, 148], [1059, 336]]}, {""category"": ""总金额（实收金额）"", ""value"": ""59.00"", ""shape"": ""polygon"", ""points"": [[1434, 329], [1434, 134], [1509, 134], [1509, 329]]}]","{""label_template"": ""ocr""}"
77,/taxi100-IG-train/images/IMG_20191123_144939_2.jpg,"[{""category"": ""发票代码"", ""value"": ""144031870219"", ""shape"": ""polygon"", ""points"": [[439, 766], [439, 519], [469, 519], [469, 766]]}, {""category"": ""发票号码"", ""value"": ""18914327"", ""shape"": ""polygon"", ""points"": [[484, 759], [484, 526], [529, 526], [529, 759]]}, {""category"": ""乘车日期"", ""value"": ""19-07-29"", ""shape"": ""polygon"", ""points"": [[878, 691], [878, 504], [916, 504], [916, 691]]}, {""category"": ""上车时间"", ""value"": ""11:37"", ""shape"": ""polygon"", ""points"": [[913, 584], [913, 498], [956, 498], [956, 584]]}, {""category"": ""下车时间"", ""value"": ""13:13"", ""shape"": ""polygon"", ""points"": [[958, 581], [958, 491], [994, 491], [994, 581]]}, {""category"": ""总金额（实收金额）"", ""value"": ""240.00"", ""shape"": ""polygon"", ""points"": [[1150, 606], [1150, 506], [1179, 506], [1179, 606]]}]","{""label_template"": ""ocr""}"
78,/taxi100-IG-train/images/1587888458343.jpg,"[{""category"": ""发票代码"", ""value"": ""131001860612"", ""shape"": ""polygon"", ""points"": [[519, 1081], [519, 543], [593, 543], [593, 1081]]}, {""category"": ""发票号码"", ""value"": ""01394351"", ""shape"": ""polygon"", ""points"": [[588, 921], [588, 581], [650, 581], [650, 921]]}, {""category"": ""乘车日期"", ""value"": ""19-3-6"", ""shape"": ""polygon"", ""points"": [[936, 725], [936, 479], [1001, 479], [1001, 725]]}, {""category"": ""上车时间"", ""value"": ""18:59"", ""shape"": ""polygon"", ""points"": [[1021, 821], [1021, 668], [1066, 668], [1066, 821]]}, {""category"": ""下车时间"", ""value"": ""19:13"", ""shape"": ""polygon"", ""points"": [[1019, 633], [1019, 489], [1061, 489], [1061, 633]]}, {""category"": ""总金额（实收金额）"", ""value"": ""22.00"", ""shape"": ""polygon"", ""points"": [[1368, 641], [1368, 491], [1413, 491], [1413, 641]]}]","{""label_template"": ""ocr""}"
79,/taxi100-IG-train/images/IMG_8889_2.jpg,"[{""category"": ""发票号码"", ""value"": ""04229518"", ""shape"": ""polygon"", ""points"": [[568, 938], [568, 573], [636, 573], [636, 938]]}, {""category"": ""乘车日期"", ""value"": ""19-06-14"", ""shape"": ""polygon"", ""points"": [[1014, 911], [1014, 589], [1056, 589], [1056, 911]]}, {""category"": ""上车时间"", ""value"": ""20:01"", ""shape"": ""polygon"", ""points"": [[1069, 746], [1069, 594], [1126, 594], [1126, 746]]}, {""category"": ""下车时间"", ""value"": ""20:49"", ""shape"": ""polygon"", ""points"": [[1139, 746], [1139, 584], [1181, 584], [1181, 746]]}, {""category"": ""总金额（实收金额）"", ""value"": ""163.00"", ""shape"": ""polygon"", ""points"": [[1401, 816], [1401, 631], [1450, 631], [1450, 816]]}, {""category"": ""发票代码"", ""value"": ""131001865515"", ""shape"": ""polygon"", ""points"": [[477, 1139], [504, 542], [572, 545], [545, 1141]]}]","{""label_template"": ""ocr""}"
80,/taxi100-IG-train/images/IMG_20191123_130034_2.jpg,"[{""category"": ""发票代码"", ""value"": ""131001861515"", ""shape"": ""polygon"", ""points"": [[311, 713], [733, 713], [733, 757], [311, 757]]}, {""category"": ""发票号码"", ""value"": ""00800549"", ""shape"": ""polygon"", ""points"": [[468, 764], [719, 764], [719, 806], [468, 806]]}, {""category"": ""乘车日期"", ""value"": ""18-12-14"", ""shape"": ""polygon"", ""points"": [[537, 1055], [770, 1042], [770, 1075], [537, 1088]]}, {""category"": ""上车时间"", ""value"": ""20:35"", ""shape"": ""polygon"", ""points"": [[513, 1111], [646, 1102], [648, 1142], [515, 1151]]}, {""category"": ""下车时间"", ""value"": ""21:34"", ""shape"": ""polygon"", ""points"": [[655, 1100], [775, 1097], [775, 1133], [655, 1135]]}, {""category"": ""总金额（实收金额）"", ""value"": ""89.00"", ""shape"": ""polygon"", ""points"": [[657, 1362], [775, 1351], [777, 1386], [659, 1397]]}]","{""label_template"": ""ocr""}"
81,/taxi100-IG-train/images/IMG_20191123_113109_2.jpg,"[{""category"": ""发票代码"", ""value"": ""111001781003"", ""shape"": ""polygon"", ""points"": [[509, 704], [509, 341], [544, 341], [544, 704]]}, {""category"": ""发票号码"", ""value"": ""23928912"", ""shape"": ""polygon"", ""points"": [[550, 708], [550, 464], [583, 464], [583, 708]]}, {""category"": ""乘车日期"", ""value"": ""18-11-23"", ""shape"": ""polygon"", ""points"": [[779, 554], [779, 306], [813, 306], [813, 554]]}, {""category"": ""上车时间"", ""value"": ""18:20"", ""shape"": ""polygon"", ""points"": [[833, 575], [833, 456], [876, 456], [876, 575]]}, {""category"": ""下车时间"", ""value"": ""18:57"", ""shape"": ""polygon"", ""points"": [[838, 428], [838, 308], [868, 308], [868, 428]]}, {""category"": ""总金额（实收金额）"", ""value"": ""99.00"", ""shape"": ""polygon"", ""points"": [[1254, 429], [1254, 304], [1294, 304], [1294, 429]]}]","{""label_template"": ""ocr""}"
